<?xml version="1.0" encoding="UTF-8" ?>
<!DOCTYPE mapper
PUBLIC "-//mybatis.org//DTD Mapper 3.0//EN"
"http://mybatis.org/dtd/mybatis-3-mapper.dtd">

<mapper namespace="dao.NoticeDao">
	
	<select id="getCount" resultType="int">
		select count(*) from notices where ${param1} like '%${param2}%'
	</select>
	

	<select id="getNotices" resultType="dto.Notice">
		SELECT * FROM
		    ( SELECT ROWNUM NUM, N.* 
              FROM (
                     SELECT * 
                     FROM NOTICES 
                     WHERE ${param2} LIKE '%${param3}%' ORDER BY REGDATE DESC
                    ) N
             ) WHERE NUM BETWEEN 1 + (${param1}-1)*5 AND 5 + (${param1}-1)*5
	</select>
	

	<select id="getNotice" resultType="dto.Notice">
		 select seq , title , writer , content , regdate , hit , fileSrc , fileSrc2
		 from notices
		 where seq=#{seq}
	</select>

	<delete id="delete">
		delete from notices where seq=#{seq}
	</delete>
	

	<update id="update" parameterType="dto.Notice">
	  update notices
	  set   title=#{title},
	  		content=#{content},
	  		filesrc=#{fileSrc, jdbcType = VARCHAR},
	 		filesrc2=#{fileSrc2,jdbcType=VARCHAR}
	  where seq=#{seq}
	</update>

	<insert id="insert" parameterType="dto.Notice">
		<selectKey order="BEFORE" keyProperty="seq" resultType="String">
				select max(to_number(seq))+1 from notices
		</selectKey>
		insert into notices(seq, title , content, writer, regdate, hit , filesrc, filesrc2)
		values(#{seq}, #{title} , #{content}, #{writer}, sysdate, 0 , #{fileSrc}, #{fileSrc2})
	</insert>
</mapper>





